UserId,ProductId,Rating,Date
CA-2015-163552,OFF-PA-10000474,5,12-11-2022
CA-2015-163552,TEC-PH-10003885,3,12-11-2022
CA-2015-163552,FUR-CH-10003379,5,12-11-2022
CA-2015-163552,FUR-FU-10000629,4,29-09-2022
CA-2015-163552,OFF-LA-10001175,1,23-09-2023
CA-2017-109820,OFF-PA-10000955,5,23-09-2023
CA-2017-109820,OFF-BI-10003460,5,23-09-2023
CA-2017-109820,OFF-BI-10000474,5,29-11-2021
CA-2017-113061,FUR-FU-10003975,5,29-11-2021
CA-2016-127418,OFF-BI-10003707,4,01-03-2022
CA-2018-121818,OFF-AR-10000203,5,01-03-2022
CA-2018-121818,OFF-AR-10004790,4,01-03-2022
CA-2017-127670,FUR-TA-10001095,5,01-03-2022
CA-2017-102981,TEC-AC-10004761,5,12-08-2022
CA-2017-102981,FUR-BO-10001811,5,15-08-2022
CA-2018-115651,OFF-AR-10001130,5,15-08-2022
CA-2018-115651,OFF-AP-10000055,5,04-06-2023
CA-2018-152702,FUR-CH-10002304,5,04-06-2023
CA-2017-169103,TEC-PH-10001530,5,06-12-2021
CA-2017-169103,FUR-FU-10004006,5,06-12-2021
CA-2015-139192,TEC-PH-10000486,5,27-12-2021
CA-2015-139192,TEC-AC-10001606,5,27-12-2021
US-2016-153500,FUR-FU-10000293,5,21-01-2023
US-2016-153500,OFF-PA-10001307,1,21-01-2023
US-2016-153500,FUR-FU-10004460,5,25-06-2015
CA-2016-110667,OFF-AR-10000716,5,14-06-2022
CA-2016-110667,FUR-FU-10004622,5,14-06-2022
CA-2016-110667,OFF-BI-10002735,5,14-06-2022
CA-2016-110667,OFF-BI-10003529,4,14-06-2022
CA-2018-167150,OFF-BI-10001097,5,21-04-2023
CA-2018-167150,OFF-BI-10001597,1,21-04-2023
CA-2017-105284,OFF-FA-10001754,4,21-10-2022
US-2016-125374,FUR-CH-10003396,5,19-11-2022
CA-2016-161263,OFF-AP-10002350,1,19-11-2022
CA-2016-161263,OFF-FA-10004838,5,19-11-2022
CA-2016-161263,OFF-AR-10004757,1,19-11-2022
CA-2016-161263,TEC-PH-10002115,5,19-11-2022
CA-2016-161263,OFF-FA-10003059,1,19-11-2022
CA-2016-161263,OFF-BI-10004330,5,19-11-2022
CA-2017-157686,FUR-CH-10001146,1,19-11-2022
US-2018-139955,OFF-SU-10001935,4,18-12-2023
US-2016-150161,OFF-BI-10001524,5,18-12-2023
CA-2016-144652,OFF-AR-10003732,1,18-12-2023
CA-2017-152814,OFF-PA-10001970,5,22-07-2022
CA-2018-106943,OFF-BI-10003669,2,04-09-2021
CA-2017-134348,OFF-BI-10003727,3,04-09-2021
CA-2017-134348,OFF-BI-10004967,5,04-09-2021
CA-2017-134348,TEC-AC-10003447,1,04-09-2021
CA-2017-161781,OFF-AR-10000255,5,20-01-2015
CA-2018-132521,OFF-AP-10002191,4,20-01-2015
CA-2018-132521,OFF-ST-10001325,5,20-01-2015
CA-2018-132521,OFF-BI-10000404,5,20-01-2015
CA-2016-110016,OFF-PA-10000349,1,20-01-2015
CA-2016-110016,FUR-CH-10002880,5,20-01-2015
US-2017-143819,FUR-TA-10001095,5,02-03-2021
US-2017-143819,OFF-PA-10003127,5,02-03-2021
US-2017-143819,OFF-ST-10003208,1,12-04-2022
US-2017-143819,TEC-MA-10003979,1,12-04-2022
CA-2017-167584,OFF-PA-10000029,5,12-04-2022
CA-2017-166163,TEC-PH-10004896,3,06-12-2022
CA-2017-166163,OFF-LA-10000452,5,05-06-2022
CA-2018-158407,FUR-FU-10001967,1,05-06-2022
CA-2018-158407,TEC-PH-10001819,5,11-12-2022
CA-2016-143490,OFF-AR-10002952,1,12-11-2022
CA-2016-143490,TEC-PH-10000576,5,12-11-2022
CA-2016-165085,OFF-PA-10000605,5,12-11-2022
CA-2016-165085,OFF-AP-10002518,1,12-11-2022
CA-2018-160423,OFF-ST-10004340,1,12-11-2022
CA-2018-160423,OFF-BI-10004001,5,29-09-2015
CA-2015-159338,FUR-TA-10004147,2,29-09-2015
CA-2017-107216,OFF-AR-10001545,1,29-09-2015
CA-2017-107216,FUR-FU-10000206,5,29-09-2015
CA-2017-107216,TEC-AC-10001013,5,29-09-2015
CA-2017-107216,OFF-AR-10002255,5,04-04-2021
US-2018-145863,OFF-BI-10004140,5,04-04-2021
US-2018-145863,OFF-BI-10002049,5,04-04-2021
CA-2017-112340,OFF-PA-10001892,5,04-04-2021
US-2017-110156,OFF-ST-10000642,5,04-04-2021
US-2017-110156,FUR-FU-10000206,5,08-05-2021
US-2017-110156,OFF-BI-10003676,1,31-12-2022
US-2017-110156,OFF-FA-10003495,5,31-12-2022
US-2017-110156,OFF-EN-10003798,1,20-12-2015
US-2017-110156,TEC-PH-10003589,2,20-12-2015
US-2017-110156,OFF-PA-10004735,5,20-12-2015
US-2017-110156,OFF-BI-10002609,5,20-12-2015
CA-2018-140585,OFF-BI-10003364,5,02-07-2022
CA-2018-140585,FUR-BO-10002206,1,29-06-2023
CA-2018-140585,TEC-AC-10003610,1,29-06-2023
CA-2017-144855,OFF-LA-10003766,1,01-09-2015
CA-2016-142755,OFF-PA-10001970,5,03-03-2015
CA-2016-142755,TEC-AC-10002049,1,03-03-2015
CA-2016-142755,OFF-PA-10000141,1,03-03-2015
CA-2016-142755,OFF-EN-10004459,1,04-05-2015
US-2015-147627,TEC-PH-10001061,5,02-11-2021
US-2015-147627,OFF-AR-10002375,5,08-12-2023
US-2015-147627,FUR-FU-10003194,5,08-12-2023
US-2015-147627,OFF-AR-10003811,5,08-12-2023
US-2015-147627,OFF-EN-10001539,5,08-12-2023
US-2015-147627,FUR-CH-10002331,5,10-03-2015
CA-2016-105970,OFF-AR-10003156,5,21-04-2015
CA-2016-105970,OFF-EN-10001532,1,22-10-2021
CA-2017-112102,FUR-TA-10004086,5,22-08-2021
CA-2017-112102,OFF-PA-10000100,1,29-08-2022
CA-2017-112102,OFF-EN-10002500,4,27-12-2015
US-2017-114776,OFF-PA-10004100,5,01-12-2022
US-2017-134908,OFF-ST-10003479,5,01-12-2022
US-2017-134908,OFF-LA-10000973,5,24-04-2022
US-2017-148803,OFF-ST-10001476,5,21-06-2015
CA-2017-152170,OFF-EN-10002831,5,21-06-2015
CA-2017-152170,OFF-AP-10002350,5,14-01-2023
CA-2017-152170,OFF-PA-10001763,5,14-01-2023
CA-2017-152170,OFF-AR-10003394,5,24-11-2015
CA-2017-152170,OFF-BI-10002072,5,24-11-2015
CA-2015-146969,FUR-FU-10004188,5,24-11-2015
CA-2015-146969,OFF-FA-10001561,5,24-11-2015
CA-2015-146969,OFF-PA-10002105,5,26-02-2023
CA-2015-146969,TEC-MA-10004241,4,26-02-2023
CA-2015-146969,OFF-ST-10004340,5,26-02-2023
CA-2016-112452,OFF-AP-10003849,5,26-02-2023
CA-2016-112452,OFF-FA-10000735,5,26-02-2023
CA-2016-112452,OFF-BI-10003350,4,15-09-2021
CA-2016-112452,TEC-PH-10000307,5,15-09-2021
CA-2016-112452,TEC-CO-10004202,3,15-09-2021
CA-2016-113971,FUR-FU-10001852,3,15-09-2021
CA-2017-160395,OFF-AR-10003759,4,08-04-2022
CA-2017-160395,OFF-BI-10003984,5,08-04-2022
CA-2015-136567,OFF-ST-10004337,5,08-04-2022
CA-2015-136567,FUR-TA-10001932,5,18-07-2022
CA-2015-136567,OFF-BI-10003982,4,18-07-2022
CA-2015-136567,FUR-TA-10000617,5,18-07-2022
CA-2017-149314,FUR-CH-10002126,5,18-07-2022
CA-2018-147039,OFF-AP-10000576,5,18-07-2022
CA-2018-147039,OFF-BI-10004654,5,01-08-2023
CA-2015-126522,OFF-AR-10004042,3,14-07-2022
CA-2015-127964,TEC-PH-10004700,4,14-07-2022
CA-2015-127964,OFF-BI-10004593,1,14-07-2022
CA-2015-127964,OFF-BI-10003429,5,14-07-2022
CA-2015-117709,OFF-BI-10001294,5,14-07-2022
CA-2016-125416,TEC-AC-10001552,4,14-07-2022
CA-2018-145226,FUR-FU-10004952,5,09-09-2023
CA-2018-145226,OFF-ST-10004123,5,09-09-2023
CA-2018-145226,OFF-PA-10003172,5,09-09-2023
CA-2018-145226,OFF-ST-10002352,5,09-09-2023
US-2015-100279,OFF-PA-10002259,4,09-09-2023
CA-2015-158064,OFF-BI-10002976,2,09-09-2023
US-2016-104430,OFF-BI-10000301,5,09-09-2023
CA-2016-132080,OFF-BI-10003694,5,09-09-2023
CA-2017-161207,OFF-SU-10000381,5,12-07-2015
CA-2015-120243,OFF-LA-10004425,5,12-07-2015
CA-2017-113621,FUR-CH-10001270,5,04-12-2022
CA-2017-113621,TEC-PH-10003931,5,04-12-2022
CA-2017-168081,TEC-AC-10003174,4,04-12-2022
CA-2015-128146,TEC-PH-10004539,5,04-12-2022
CA-2015-128146,OFF-AR-10001919,5,04-12-2022
CA-2018-138779,OFF-EN-10002504,5,04-12-2022
CA-2018-138779,TEC-PH-10003655,5,06-11-2023
CA-2015-127131,OFF-BI-10004656,2,06-11-2023
CA-2015-127131,OFF-ST-10002344,5,06-11-2023
CA-2015-127131,OFF-PA-10001800,5,31-10-2021
CA-2015-127131,OFF-ST-10000036,3,31-10-2021
CA-2018-117212,OFF-AP-10004532,5,30-05-2022
CA-2018-117212,TEC-PH-10004447,5,28-10-2022
CA-2018-117212,FUR-CH-10003973,5,28-10-2022
CA-2018-117212,OFF-PA-10001970,5,28-10-2022
CA-2018-117212,OFF-PA-10000682,5,28-10-2022
US-2016-130519,OFF-PA-10001937,1,11-08-2015
US-2016-130519,FUR-FU-10002268,5,11-08-2015
US-2016-130519,OFF-ST-10001321,1,11-08-2015
US-2016-130519,FUR-FU-10003394,1,29-08-2022
CA-2017-130946,TEC-AC-10001990,5,15-02-2022
CA-2017-130946,FUR-CH-10004540,4,15-02-2022
CA-2017-130946,OFF-BI-10004995,5,14-05-2023
CA-2017-114727,FUR-CH-10002335,5,12-12-2015
CA-2017-114727,OFF-BI-10004967,5,12-12-2015
CA-2017-114727,FUR-CH-10002331,5,12-12-2015
CA-2017-114727,OFF-ST-10002292,1,18-12-2023
CA-2017-114727,OFF-ST-10000689,5,18-12-2023
CA-2018-133235,TEC-PH-10002660,2,18-12-2023
CA-2017-137050,OFF-ST-10004634,5,18-12-2023
CA-2017-137050,OFF-BI-10002160,2,04-07-2021
CA-2017-137050,OFF-FA-10002988,5,10-03-2023
CA-2017-137050,OFF-AR-10004999,5,10-03-2023
CA-2017-137050,OFF-BI-10001031,1,10-03-2023
CA-2017-137050,FUR-BO-10004695,3,10-03-2023
US-2018-118087,FUR-CH-10004860,5,24-12-2022
US-2018-118087,OFF-BI-10002432,5,24-12-2022
US-2018-118087,OFF-BI-10000069,5,24-12-2022
US-2018-118087,OFF-AR-10003602,5,23-10-2023
US-2018-118087,TEC-AC-10004469,5,28-10-2022
US-2018-118087,FUR-FU-10001867,5,07-07-2023
US-2018-118087,TEC-AC-10003174,5,01-10-2022
US-2018-118087,TEC-PH-10002200,5,01-10-2022
CA-2015-110184,OFF-ST-10000107,5,02-09-2023
CA-2015-110184,TEC-PH-10000439,5,24-12-2015
CA-2017-126004,FUR-FU-10001602,5,24-12-2015
CA-2017-126004,TEC-AC-10001432,5,23-09-2023
CA-2017-126004,OFF-BI-10004656,5,04-06-2023
CA-2017-126004,OFF-PA-10001685,5,21-04-2022
CA-2017-126004,OFF-ST-10001418,3,21-04-2022
CA-2017-126004,OFF-ST-10000676,5,21-04-2022
CA-2018-100013,OFF-EN-10001219,5,26-05-2022
CA-2018-100013,FUR-FU-10001424,5,26-05-2022
CA-2018-100013,OFF-AR-10001022,5,26-05-2022
CA-2016-132570,OFF-AR-10000369,3,26-05-2022
CA-2016-132570,OFF-EN-10003055,5,02-05-2022
CA-2017-153682,TEC-CO-10001046,5,08-09-2015
CA-2017-144344,FUR-FU-10000076,5,08-09-2015
CA-2017-144344,OFF-BI-10003719,5,05-09-2022
CA-2017-144344,FUR-FU-10003268,5,09-04-2023
CA-2017-144344,FUR-FU-10003553,5,09-04-2023
CA-2015-127012,FUR-FU-10003691,5,09-04-2023
CA-2015-127012,OFF-AR-10003903,5,06-12-2021
CA-2015-127012,OFF-FA-10004854,5,26-06-2022
CA-2017-128727,TEC-PH-10003442,2,04-07-2021
US-2017-162859,OFF-BI-10004519,5,22-11-2022
US-2017-162859,OFF-FA-10000304,4,22-11-2022
CA-2018-133641,OFF-EN-10004955,5,22-11-2022
CA-2015-168494,FUR-TA-10004619,5,10-11-2022
CA-2015-168494,FUR-TA-10003473,5,10-11-2022
CA-2015-168494,FUR-BO-10004467,5,27-08-2021
CA-2018-115602,OFF-AR-10002280,4,27-08-2021
CA-2018-115602,FUR-CH-10001708,5,27-08-2021
CA-2018-115602,OFF-AP-10000891,4,25-05-2021
CA-2018-115602,OFF-AR-10000462,1,30-12-2023
CA-2016-154956,TEC-PH-10004165,2,30-12-2023
CA-2018-144638,OFF-AR-10003958,5,08-12-2022
CA-2018-144638,TEC-PH-10000149,5,04-10-2021
CA-2018-144638,FUR-FU-10003724,5,23-12-2022
CA-2018-144638,FUR-FU-10003535,5,23-12-2022
US-2017-168620,OFF-BI-10001575,5,19-09-2021
US-2017-168620,OFF-ST-10003716,5,03-07-2023
US-2017-168620,TEC-AC-10004469,5,03-07-2023
CA-2018-117079,TEC-PH-10004586,4,14-07-2022
US-2017-144393,OFF-BI-10004236,5,20-06-2022
CA-2018-105053,OFF-BI-10001634,5,20-06-2022
CA-2017-155992,TEC-PH-10000215,5,20-06-2022
CA-2017-155992,FUR-FU-10003724,5,20-06-2022
CA-2018-110380,OFF-AR-10000422,3,20-06-2022
US-2015-167738,OFF-ST-10003306,5,09-12-2022
US-2015-167738,FUR-CH-10001146,5,09-12-2022
CA-2018-121412,FUR-FU-10000246,5,24-09-2022
CA-2018-100426,OFF-PA-10002870,5,18-12-2022
US-2017-103646,OFF-ST-10000563,5,18-12-2022
US-2017-103646,OFF-AP-10004487,5,18-12-2022
US-2017-103646,OFF-BI-10002854,5,10-12-2023
CA-2017-119186,OFF-PA-10004621,3,01-07-2015
CA-2017-119186,FUR-CH-10001973,5,01-07-2015
CA-2017-119186,OFF-PA-10004040,3,03-02-2023
CA-2017-119186,TEC-AC-10000580,5,03-02-2023
CA-2017-148698,OFF-AR-10004022,4,03-03-2023
CA-2015-163293,TEC-AC-10004209,4,09-10-2023
CA-2015-163293,TEC-AC-10000023,4,28-09-2015
CA-2017-160815,TEC-PH-10003505,1,27-05-2015
CA-2018-122154,OFF-LA-10000121,5,14-06-2021
CA-2018-122154,OFF-BI-10002026,5,30-03-2022
CA-2018-122154,OFF-PA-10000994,5,15-10-2023
US-2016-149692,OFF-BI-10002813,4,23-05-2022
CA-2017-119445,OFF-ST-10000617,5,02-06-2023
CA-2016-124268,OFF-AR-10004817,4,02-06-2023
CA-2017-154711,FUR-FU-10000397,5,16-02-2015
CA-2017-154711,OFF-BI-10000605,5,16-02-2015
CA-2017-154711,OFF-AR-10001860,4,06-05-2015
CA-2017-163384,OFF-BI-10004970,5,16-05-2022
CA-2017-163384,OFF-PA-10003172,4,02-04-2023
CA-2016-101707,OFF-SU-10001218,4,31-03-2023
CA-2016-101707,OFF-PA-10002968,4,31-03-2023
CA-2016-101707,OFF-LA-10000134,5,31-03-2023
CA-2016-138898,OFF-AP-10004487,2,02-01-2023
CA-2018-115427,OFF-BI-10002103,1,02-01-2023
CA-2018-115427,OFF-BI-10004632,5,02-01-2023
CA-2017-134425,TEC-PH-10003555,4,28-05-2021
CA-2016-121391,OFF-ST-10001590,4,28-05-2021
CA-2017-137043,FUR-FU-10003664,5,17-03-2015
CA-2017-137043,FUR-FU-10003664,2,17-03-2015
CA-2016-115847,FUR-BO-10003433,5,17-03-2015
US-2018-126179,FUR-FU-10002554,5,17-03-2015
US-2018-126179,TEC-PH-10001557,2,17-03-2015
CA-2017-101966,TEC-PH-10003437,3,03-10-2015
CA-2017-141397,OFF-PA-10002986,1,28-03-2022
CA-2017-141397,OFF-BI-10000320,4,04-05-2023
CA-2017-141397,OFF-AP-10003971,5,04-05-2023
CA-2017-141397,OFF-ST-10001469,3,04-05-2023
CA-2017-141397,FUR-CH-10003846,5,05-07-2015
CA-2017-141082,OFF-LA-10001404,5,05-07-2015
CA-2017-141082,OFF-LA-10001474,5,05-05-2022
US-2017-134488,FUR-CH-10003199,5,26-04-2023
CA-2017-145919,OFF-PA-10003072,1,26-09-2015
CA-2017-145919,FUR-FU-10004960,4,19-10-2023
CA-2017-145919,OFF-SU-10003505,5,19-10-2023
CA-2018-157651,TEC-AC-10003116,5,19-10-2023
CA-2015-160773,TEC-PH-10004586,5,10-11-2023
CA-2015-160773,OFF-BI-10000546,5,10-11-2023
CA-2018-167703,OFF-BI-10002071,5,10-11-2023
CA-2018-167703,OFF-ST-10001490,1,10-11-2023
CA-2018-121804,OFF-AP-10004859,5,10-11-2023
CA-2018-162635,OFF-PA-10002659,1,08-07-2023
CA-2015-107153,OFF-ST-10001321,5,24-12-2021
US-2015-117058,OFF-BI-10004139,2,24-12-2021
CA-2016-120439,FUR-FU-10001867,2,07-03-2023
CA-2017-128258,OFF-PA-10004156,4,01-04-2015
CA-2018-106033,OFF-AR-10002818,5,01-04-2015
CA-2017-142762,FUR-FU-10003691,5,14-09-2021
CA-2018-127705,TEC-PH-10000347,5,04-08-2015
CA-2018-127705,OFF-ST-10004507,5,04-08-2015
CA-2015-122567,OFF-BI-10002012,2,04-08-2015
CA-2015-122567,OFF-AP-10001303,3,04-08-2015
CA-2015-121664,OFF-BI-10003684,5,04-08-2015
CA-2017-122133,OFF-ST-10002574,4,04-08-2015
US-2018-123281,FUR-FU-10003724,1,03-09-2022
CA-2018-100524,FUR-FU-10004018,4,05-02-2022
CA-2018-100524,TEC-PH-10002549,5,05-02-2022
CA-2018-100524,OFF-PA-10004911,5,05-02-2022
CA-2018-113481,TEC-MA-10002178,5,05-02-2022
CA-2018-113481,OFF-BI-10003694,5,05-02-2022
CA-2018-113481,OFF-BI-10000474,5,05-02-2022
CA-2016-131758,OFF-AR-10000411,5,05-02-2022
CA-2016-131758,OFF-LA-10000262,5,05-02-2022
CA-2015-118339,OFF-AP-10001154,5,05-02-2022
CA-2015-118339,OFF-PA-10000466,4,05-02-2022
CA-2015-118339,OFF-AR-10003829,3,05-02-2022
CA-2015-118339,OFF-BI-10001758,5,03-07-2023
CA-2015-118339,OFF-BI-10000136,5,09-10-2023
CA-2015-153976,FUR-CH-10002880,5,09-10-2023
CA-2017-162901,OFF-ST-10000649,1,24-11-2022
CA-2018-162978,TEC-PH-10003092,5,24-11-2022
CA-2018-162978,OFF-PA-10002250,5,24-11-2022
CA-2018-162978,FUR-TA-10003473,5,24-11-2022
US-2015-160444,OFF-ST-10001522,5,01-11-2022
US-2015-160444,OFF-ST-10000563,3,01-11-2022
CA-2017-145247,OFF-PA-10003641,5,19-04-2022
CA-2018-160045,FUR-FU-10000010,5,19-04-2022
US-2015-151925,FUR-CH-10002961,5,06-04-2015
CA-2018-125199,OFF-AR-10002956,5,06-04-2015
CA-2018-125199,OFF-PA-10004041,5,06-04-2015
CA-2018-125199,TEC-PH-10001336,4,02-09-2022
US-2018-155425,OFF-BI-10001036,1,02-09-2022
US-2018-155425,TEC-MA-10003183,1,25-09-2022
US-2018-155425,TEC-AC-10001314,1,04-11-2023
US-2018-155425,TEC-PH-10002563,4,09-07-2022
US-2018-155425,FUR-CH-10003312,3,09-07-2022
CA-2018-133249,FUR-FU-10001588,1,30-06-2015
US-2016-103471,FUR-BO-10002613,5,28-01-2023
US-2016-103471,OFF-AR-10003405,3,28-01-2023
CA-2018-136672,TEC-AC-10004510,5,21-09-2021
US-2015-157021,OFF-LA-10002312,4,21-09-2021
US-2015-157021,OFF-BI-10000042,5,21-09-2021
CA-2016-120362,FUR-TA-10003008,2,26-09-2021
CA-2015-126361,OFF-AP-10003590,3,26-09-2021
CA-2015-126361,OFF-PA-10000806,2,26-09-2021
CA-2015-126361,OFF-AR-10000896,4,26-09-2021
CA-2015-126361,TEC-PH-10002310,5,26-09-2021
CA-2015-126361,OFF-ST-10002289,1,26-09-2021
CA-2015-126361,OFF-BI-10002852,1,26-09-2021
US-2017-100566,FUR-FU-10003394,5,31-10-2021
US-2017-108504,OFF-ST-10002344,5,31-10-2021
US-2017-108504,OFF-PA-10001289,5,31-10-2021
US-2017-108504,OFF-FA-10000053,2,31-10-2021
US-2017-108504,FUR-FU-10004091,3,26-11-2023
US-2017-108504,FUR-BO-10004015,2,19-12-2015
US-2017-108504,OFF-EN-10003001,5,19-12-2015
US-2017-108504,TEC-PH-10000215,2,19-12-2015
US-2017-108504,TEC-PH-10003645,3,26-12-2022
US-2017-108504,OFF-PA-10000357,1,20-06-2023
US-2017-108504,OFF-ST-10004804,1,20-06-2023
US-2017-108504,OFF-PA-10003892,5,15-10-2021
CA-2018-124828,OFF-AR-10003514,4,15-10-2021
US-2018-117247,FUR-TA-10002958,2,12-04-2023
US-2018-117247,FUR-TA-10001676,5,12-04-2023
CA-2017-124485,OFF-BI-10000822,4,19-12-2023
CA-2017-124485,OFF-PA-10004971,1,05-08-2023
CA-2017-124485,TEC-AC-10002323,2,01-10-2021
CA-2017-124485,OFF-PA-10004888,5,23-05-2022
CA-2017-159212,TEC-PH-10003988,5,13-06-2023
CA-2017-159212,OFF-EN-10002230,5,13-06-2023
US-2017-161396,FUR-TA-10002622,2,13-06-2023
US-2017-161396,OFF-PA-10000418,4,23-04-2015
US-2015-118486,OFF-SU-10004498,4,01-05-2021
US-2015-118486,FUR-TA-10001039,5,19-07-2021
US-2015-118486,TEC-AC-10004659,4,26-11-2022
CA-2017-130407,OFF-AR-10002240,5,26-11-2022
CA-2017-130407,FUR-FU-10001967,3,26-11-2022
US-2017-122245,FUR-TA-10002356,5,26-11-2022
CA-2018-105144,OFF-LA-10003923,2,12-06-2023
CA-2017-136329,FUR-CH-10002335,2,12-06-2023
CA-2017-136329,FUR-FU-10000723,5,17-08-2021
CA-2015-146640,OFF-BI-10002867,5,25-09-2022
CA-2018-115994,TEC-AC-10000580,2,04-05-2015
CA-2018-115994,FUR-FU-10003976,2,01-12-2021
CA-2016-126697,TEC-PH-10002922,5,11-03-2022
CA-2016-126697,TEC-AC-10004353,4,26-08-2022
CA-2016-126697,FUR-FU-10001706,1,26-08-2022
CA-2016-124800,OFF-PA-10000501,5,16-12-2022
CA-2016-124800,OFF-BI-10000778,5,08-08-2015
CA-2016-124800,OFF-AP-10004980,3,08-08-2015
CA-2016-124800,OFF-BI-10003984,5,16-05-2021
CA-2016-124800,OFF-ST-10000798,5,09-12-2023
CA-2016-124800,TEC-PH-10001750,2,09-12-2023
CA-2016-124800,OFF-ST-10002743,1,09-12-2023
US-2016-164448,OFF-BI-10002949,5,24-09-2021
US-2016-164448,OFF-EN-10002600,5,11-07-2023
US-2016-164448,OFF-BI-10003708,5,23-09-2023
US-2016-164448,OFF-LA-10003510,5,29-11-2021
CA-2018-122700,TEC-PH-10003092,5,29-11-2021
CA-2015-120768,OFF-BI-10001191,5,01-03-2022
CA-2015-120768,OFF-SU-10004115,2,01-03-2022
CA-2015-120768,FUR-CH-10000513,3,01-03-2022
US-2017-153129,OFF-PA-10003673,3,01-03-2022
CA-2018-106852,OFF-PA-10001639,5,12-08-2022
CA-2018-106852,OFF-AR-10003829,5,15-08-2022
CA-2016-139731,TEC-AC-10004975,1,15-08-2022
CA-2016-139731,FUR-CH-10002024,5,04-06-2023
CA-2018-122735,OFF-BI-10004364,5,04-06-2023
CA-2018-122735,OFF-PA-10001712,4,06-12-2021
CA-2018-128160,OFF-BI-10001510,5,06-12-2021
CA-2018-117695,OFF-PA-10002713,3,27-12-2021
CA-2016-166135,OFF-ST-10002974,5,27-12-2021
CA-2017-133725,TEC-PH-10004165,5,21-01-2023
CA-2018-102337,OFF-ST-10004804,3,21-01-2023
CA-2018-102337,FUR-CH-10004289,1,25-06-2015
CA-2018-102337,TEC-PH-10002564,3,14-06-2022
US-2015-112564,OFF-BI-10004876,5,14-06-2022
CA-2016-145821,TEC-PH-10004348,3,14-06-2022
US-2016-160150,OFF-BI-10004352,5,14-06-2022
CA-2017-133711,OFF-PA-10001685,1,21-04-2023
CA-2017-133711,OFF-BI-10000666,2,21-04-2023
CA-2017-133711,OFF-BI-10004352,5,21-10-2022
CA-2017-133711,TEC-MA-10000010,4,19-11-2022
CA-2018-148474,OFF-BI-10000977,3,19-11-2022
CA-2018-148474,FUR-TA-10002530,5,19-11-2022
CA-2016-111297,OFF-BI-10002412,5,19-11-2022
CA-2017-123722,OFF-LA-10001569,2,19-11-2022
CA-2015-155271,FUR-FU-10001473,5,19-11-2022
CA-2016-119907,OFF-BI-10001765,4,19-11-2022
US-2017-128902,FUR-TA-10001095,5,19-11-2022
CA-2017-152289,TEC-AC-10004571,5,18-12-2023
CA-2017-152289,FUR-CH-10002126,5,18-12-2023
US-2017-104794,OFF-FA-10001754,5,18-12-2023
CA-2015-151708,FUR-FU-10001602,5,22-07-2022
CA-2015-151708,TEC-AC-10001767,4,04-09-2021
CA-2016-100769,TEC-AC-10002402,4,04-09-2021
CA-2018-139199,FUR-CH-10000847,5,04-09-2021
CA-2018-139199,OFF-BI-10003982,4,04-09-2021
CA-2018-139199,OFF-PA-10001293,5,20-01-2015
US-2016-161466,OFF-AR-10000634,5,20-01-2015
CA-2018-164959,OFF-LA-10004272,5,20-01-2015
US-2016-105676,FUR-FU-10004270,5,20-01-2015
CA-2017-113138,OFF-AR-10003770,5,20-01-2015
CA-2017-113138,OFF-BI-10000320,5,20-01-2015
US-2018-104955,OFF-LA-10003121,3,02-03-2021
CA-2017-121958,OFF-SU-10000381,2,02-03-2021
CA-2018-121468,TEC-PH-10000376,1,12-04-2022
US-2017-108455,OFF-PA-10002262,5,12-04-2022
US-2017-108455,OFF-PA-10002464,5,12-04-2022
US-2017-108455,OFF-ST-10002214,5,06-12-2022
CA-2018-101210,OFF-AR-10003560,1,05-06-2022
CA-2018-101210,OFF-PA-10000130,5,05-06-2022
US-2017-108098,TEC-AC-10000865,5,11-12-2022
CA-2015-119032,OFF-FA-10003021,5,12-11-2022
CA-2016-140410,TEC-PH-10003580,5,12-11-2022
CA-2016-140410,TEC-AC-10001109,5,12-11-2022
CA-2016-140410,FUR-FU-10003347,4,12-11-2022
CA-2015-136280,OFF-LA-10000452,5,12-11-2022
CA-2018-151911,OFF-EN-10002986,3,29-09-2015
CA-2018-166436,OFF-PA-10001838,1,29-09-2015
CA-2018-166436,FUR-CH-10000785,4,29-09-2015
CA-2018-139661,FUR-FU-10002885,1,29-09-2015
CA-2015-123925,OFF-AR-10002952,3,29-09-2015
CA-2018-152485,OFF-AR-10003759,3,04-04-2021
CA-2018-152485,OFF-ST-10004950,4,04-04-2021
CA-2018-152485,OFF-AR-10001940,5,04-04-2021
CA-2017-141586,OFF-BI-10003981,2,04-04-2021
CA-2018-130386,OFF-PA-10002749,5,04-04-2021
CA-2018-130386,OFF-PA-10003823,5,08-05-2021
CA-2018-130386,OFF-ST-10003716,5,31-12-2022
CA-2017-100468,TEC-PH-10001300,5,31-12-2022
CA-2017-100468,FUR-FU-10000010,5,20-12-2015
CA-2016-153388,OFF-AR-10001868,5,20-12-2015
CA-2016-153388,FUR-TA-10003715,3,20-12-2015
CA-2018-154935,OFF-BI-10003708,3,20-12-2015
CA-2017-134208,TEC-MA-10004458,1,02-07-2022
CA-2018-108294,OFF-BI-10004965,2,29-06-2023
CA-2018-103611,FUR-FU-10004270,5,29-06-2023
CA-2018-100384,OFF-AR-10002135,4,01-09-2015
CA-2018-100384,OFF-AR-10003514,5,03-03-2015
CA-2018-112809,OFF-ST-10002276,5,03-03-2015
CA-2018-112809,OFF-BI-10001098,5,03-03-2015
CA-2018-112809,OFF-BI-10001636,5,04-05-2015
US-2018-160759,FUR-CH-10002961,5,02-11-2021
CA-2018-148446,FUR-TA-10004256,5,08-12-2023
CA-2015-111059,OFF-BI-10004593,5,08-12-2023
CA-2015-111059,OFF-BI-10002827,5,08-12-2023
CA-2018-116204,OFF-BI-10001759,4,08-12-2023
CA-2018-109946,OFF-AR-10001419,5,10-03-2015
CA-2016-144806,FUR-FU-10002253,5,21-04-2015
CA-2016-144806,OFF-PA-10002586,2,22-10-2021
CA-2016-144806,OFF-PA-10003039,5,22-08-2021
CA-2016-144806,OFF-ST-10004804,5,29-08-2022
CA-2016-144806,OFF-AR-10004042,5,27-12-2015
CA-2017-122392,OFF-AR-10002221,1,01-12-2022
CA-2017-122392,FUR-FU-10002456,5,01-12-2022
CA-2016-148432,OFF-FA-10004968,5,24-04-2022
CA-2016-148432,OFF-PA-10001274,5,21-06-2015
CA-2016-103793,OFF-PA-10001125,5,21-06-2015
CA-2018-159884,OFF-ST-10000344,5,14-01-2023
CA-2018-159884,OFF-FA-10000585,5,14-01-2023
CA-2017-139885,OFF-ST-10003324,5,24-11-2015
CA-2018-124086,FUR-BO-10004015,5,24-11-2015
CA-2017-112389,OFF-ST-10000419,5,24-11-2015
CA-2017-112389,OFF-AP-10001626,5,24-11-2015
CA-2018-121888,TEC-PH-10000439,3,26-02-2023
CA-2018-121888,OFF-AR-10003478,5,26-02-2023
CA-2018-121888,FUR-BO-10002545,5,26-02-2023
CA-2018-121888,OFF-BI-10001765,5,26-02-2023
CA-2015-166884,FUR-FU-10003981,5,26-02-2023
CA-2015-166884,OFF-FA-10001561,5,15-09-2021
CA-2015-107181,OFF-BI-10004230,4,15-09-2021
CA-2015-107181,OFF-PA-10000350,4,15-09-2021
CA-2015-150245,FUR-BO-10002613,1,15-09-2021
CA-2016-111395,OFF-PA-10000994,5,08-04-2022
CA-2016-111395,OFF-BI-10002867,5,08-04-2022
CA-2016-111395,OFF-ST-10001291,5,08-04-2022
CA-2015-134278,TEC-CO-10001046,5,18-07-2022
US-2018-124926,OFF-AP-10004868,5,18-07-2022
CA-2017-159345,OFF-PA-10000806,5,18-07-2022
CA-2015-130274,OFF-LA-10002195,5,18-07-2022
CA-2018-158386,OFF-BI-10003719,5,18-07-2022
CA-2016-111507,OFF-AR-10001315,5,01-08-2023
CA-2018-120761,TEC-AC-10000171,5,14-07-2022
CA-2017-109176,OFF-EN-10003134,5,14-07-2022
CA-2017-109176,OFF-AR-10001955,5,14-07-2022
CA-2016-112116,FUR-TA-10001039,5,14-07-2022
CA-2017-126809,OFF-BI-10003712,4,14-07-2022
CA-2015-105172,OFF-LA-10001641,5,14-07-2022
CA-2018-107293,OFF-AR-10003732,5,09-09-2023
US-2018-102890,FUR-TA-10000577,5,09-09-2023
CA-2016-158554,OFF-PA-10004000,1,09-09-2023
CA-2015-116239,OFF-ST-10001370,5,09-09-2023
CA-2016-132101,TEC-PH-10004539,4,09-09-2023
CA-2016-129112,TEC-AC-10003038,2,09-09-2023
CA-2016-129112,OFF-BI-10000088,5,09-09-2023
US-2018-152002,OFF-PA-10000357,5,09-09-2023
CA-2018-165029,OFF-AR-10003504,1,12-07-2015
US-2015-157385,FUR-CH-10000863,1,12-07-2015
US-2015-157385,OFF-EN-10003160,3,04-12-2022
US-2015-157385,TEC-AC-10003280,1,04-12-2022
US-2015-157385,FUR-CH-10000595,2,04-12-2022
CA-2015-101602,TEC-PH-10000169,1,04-12-2022
CA-2015-101602,FUR-CH-10004675,4,04-12-2022
CA-2017-109057,OFF-ST-10002406,3,04-12-2022
CA-2017-154403,OFF-PA-10001526,4,06-11-2023
CA-2017-102456,OFF-AP-10004336,4,06-11-2023
CA-2016-131338,TEC-PH-10003012,3,06-11-2023
CA-2016-131338,FUR-TA-10002607,5,31-10-2021
CA-2016-131338,OFF-ST-10000642,5,31-10-2021
CA-2016-131338,OFF-BI-10000545,4,30-05-2022
CA-2016-131338,FUR-FU-10002157,1,28-10-2022
CA-2016-131338,FUR-FU-10001706,5,28-10-2022
CA-2016-131338,TEC-PH-10000984,4,28-10-2022
CA-2016-131338,OFF-PA-10001357,5,28-10-2022
CA-2016-131338,OFF-FA-10000992,2,11-08-2015
CA-2016-131338,TEC-AC-10002600,5,11-08-2015
CA-2017-109911,OFF-AR-10001662,5,11-08-2015
US-2017-132423,OFF-AR-10001221,5,29-08-2022
US-2017-132423,OFF-FA-10002988,1,15-02-2022
CA-2016-122826,TEC-PH-10004830,5,15-02-2022
CA-2015-117317,OFF-PA-10004519,5,14-05-2023
CA-2016-118423,FUR-BO-10000362,4,12-12-2015
CA-2018-149181,FUR-CH-10004540,4,12-12-2015
CA-2018-132234,FUR-FU-10001290,1,12-12-2015
CA-2018-158876,OFF-PA-10000308,1,18-12-2023
CA-2018-158876,OFF-SU-10001165,1,18-12-2023
CA-2018-158876,OFF-AR-10003373,5,18-12-2023
CA-2018-158876,FUR-FU-10001967,5,18-12-2023
CA-2017-164672,FUR-FU-10001488,4,04-07-2021
US-2017-132857,OFF-AR-10003251,2,10-03-2023
CA-2018-116645,OFF-AR-10001044,2,10-03-2023
US-2017-115819,TEC-PH-10004700,2,10-03-2023
US-2017-115819,OFF-AR-10000823,5,10-03-2023
US-2017-115819,OFF-AR-10004456,1,24-12-2022
US-2017-115819,OFF-BI-10000050,1,24-12-2022
US-2017-115819,OFF-PA-10002377,3,24-12-2022
US-2017-115819,OFF-BI-10000591,1,23-10-2023
CA-2015-156349,FUR-BO-10000362,5,28-10-2022
CA-2015-156349,TEC-PH-10000441,4,07-07-2023
CA-2015-156349,TEC-PH-10002726,3,01-10-2022
CA-2018-138380,OFF-ST-10003306,1,01-10-2022
US-2017-113509,TEC-AC-10004855,1,02-09-2023
CA-2016-130022,OFF-LA-10002787,1,24-12-2015
CA-2016-130022,OFF-LA-10002043,5,24-12-2015
CA-2016-130022,OFF-AR-10001915,5,23-09-2023
US-2017-118780,OFF-ST-10000352,3,04-06-2023
US-2017-118780,OFF-PA-10000575,3,21-04-2022
CA-2018-108560,FUR-FU-10002937,5,21-04-2022
CA-2018-108560,OFF-LA-10003930,5,21-04-2022
CA-2018-108560,OFF-BI-10001107,1,26-05-2022
CA-2018-108560,TEC-AC-10003063,5,26-05-2022
CA-2016-157084,TEC-PH-10002922,2,26-05-2022
CA-2016-157084,TEC-AC-10002049,5,26-05-2022
CA-2016-164539,OFF-AP-10002457,4,02-05-2022
CA-2016-143119,FUR-CH-10001270,5,08-09-2015
CA-2018-101049,FUR-FU-10004415,1,08-09-2015
CA-2018-101049,OFF-BI-10001510,1,05-09-2022
CA-2017-106530,OFF-ST-10002011,5,09-04-2023
CA-2017-106530,OFF-PA-10002986,3,09-04-2023
CA-2017-106530,OFF-PA-10004451,4,09-04-2023
CA-2017-106530,OFF-ST-10000649,5,06-12-2021
CA-2017-106530,TEC-AC-10001465,5,26-06-2022
CA-2015-168984,OFF-PA-10001166,5,04-07-2021
CA-2015-168984,OFF-ST-10001097,4,22-11-2022
CA-2015-168984,TEC-PH-10000038,5,22-11-2022
CA-2017-157266,OFF-PA-10002689,1,22-11-2022
CA-2017-157266,OFF-BI-10004728,2,10-11-2022
CA-2017-157266,OFF-PA-10004675,1,10-11-2022
CA-2017-157266,FUR-FU-10000629,3,27-08-2021
US-2015-134712,OFF-FA-10003112,5,27-08-2021
CA-2016-111829,OFF-ST-10000142,5,27-08-2021
CA-2016-111829,TEC-CO-10001766,5,25-05-2021
CA-2016-111829,OFF-PA-10004359,1,30-12-2023
CA-2016-105221,TEC-AC-10002323,5,30-12-2023
CA-2016-105221,OFF-FA-10001135,1,08-12-2022
CA-2016-120341,OFF-BI-10004224,5,04-10-2021
CA-2016-120341,TEC-PH-10003357,1,23-12-2022
CA-2015-135699,OFF-PA-10004475,5,23-12-2022
CA-2015-135699,OFF-PA-10003001,4,19-09-2021
US-2018-132444,OFF-ST-10003442,5,03-07-2023
US-2018-132444,TEC-AC-10003832,5,03-07-2023
US-2018-132444,OFF-FA-10000611,5,14-07-2022
US-2018-132444,OFF-BI-10001116,5,20-06-2022
US-2018-132444,OFF-ST-10000563,5,20-06-2022
CA-2015-127159,FUR-FU-10000010,5,20-06-2022
CA-2018-161809,TEC-PH-10004922,5,20-06-2022
CA-2018-127285,OFF-BI-10004330,5,20-06-2022
CA-2018-127285,OFF-BI-10002072,5,09-12-2022
CA-2018-144526,TEC-PH-10002549,2,09-12-2022
CA-2018-144526,OFF-BI-10002353,4,24-09-2022
CA-2017-128531,OFF-ST-10001325,3,18-12-2022
CA-2017-128531,TEC-AC-10002049,1,18-12-2022
CA-2017-128531,OFF-FA-10002676,5,18-12-2022
CA-2017-128531,TEC-AC-10003023,5,10-12-2023
CA-2017-128531,OFF-PA-10000167,5,01-07-2015
CA-2017-128531,OFF-AR-10003405,1,01-07-2015
US-2016-157154,FUR-TA-10001889,5,03-02-2023
CA-2018-159457,TEC-PH-10002185,1,03-02-2023
CA-2017-107615,TEC-AC-10001013,2,03-03-2023
CA-2018-111647,TEC-PH-10002726,5,09-10-2023
CA-2016-150560,OFF-LA-10003930,5,28-09-2015
CA-2016-143077,FUR-FU-10003535,3,27-05-2015
CA-2016-143077,OFF-BI-10000088,5,14-06-2021
CA-2017-122728,OFF-ST-10000604,3,30-03-2022
CA-2017-122728,OFF-PA-10004040,3,15-10-2023
CA-2015-122882,OFF-ST-10002344,5,23-05-2022
CA-2015-122882,TEC-PH-10003589,1,02-06-2023
CA-2015-122882,FUR-FU-10000758,3,02-06-2023
CA-2015-122882,TEC-MA-10004679,5,16-02-2015
US-2017-101497,OFF-PA-10000176,1,16-02-2015
CA-2017-147585,FUR-FU-10002597,5,06-05-2015
CA-2018-149489,OFF-AP-10002495,3,16-05-2022
CA-2018-149489,OFF-BI-10002813,2,02-04-2023
CA-2018-149489,OFF-BI-10002414,5,31-03-2023
CA-2018-143798,OFF-PA-10000788,5,31-03-2023
CA-2018-143798,FUR-FU-10004306,5,31-03-2023
CA-2015-142839,FUR-TA-10001539,5,02-01-2023
CA-2018-129833,OFF-PA-10000575,5,02-01-2023
CA-2018-129833,OFF-BI-10004182,5,02-01-2023
US-2017-154361,FUR-FU-10004020,1,28-05-2021
US-2017-158708,TEC-AC-10003133,5,28-05-2021
CA-2016-156335,TEC-AC-10002006,5,17-03-2015
CA-2016-156335,OFF-BI-10003314,5,17-03-2015
CA-2016-156335,TEC-PH-10002726,5,17-03-2015
CA-2016-148376,OFF-AP-10000240,4,17-03-2015
CA-2016-148376,OFF-LA-10002381,1,17-03-2015
CA-2015-135657,FUR-TA-10004086,5,03-10-2015
CA-2016-114069,OFF-BI-10000320,5,28-03-2022
CA-2016-114069,FUR-CH-10000595,2,04-05-2023
CA-2016-114069,OFF-PA-10000349,4,04-05-2023
CA-2015-139857,OFF-FA-10001843,3,04-05-2023
CA-2017-106306,OFF-BI-10003676,5,05-07-2015
CA-2016-100545,OFF-BI-10003638,2,05-07-2015
CA-2018-123491,OFF-LA-10003077,5,05-05-2022
CA-2018-123491,TEC-PH-10003505,5,26-04-2023
CA-2018-123491,OFF-PA-10003424,5,26-09-2015
CA-2018-123491,FUR-CH-10003061,5,19-10-2023
CA-2018-123491,OFF-AR-10003514,5,19-10-2023
CA-2018-123491,OFF-AP-10002684,2,19-10-2023
CA-2016-145401,OFF-PA-10004405,5,10-11-2023
US-2018-124968,FUR-TA-10004289,5,10-11-2023
CA-2018-104003,FUR-BO-10003965,4,10-11-2023
CA-2017-154788,OFF-BI-10003314,5,10-11-2023
CA-2017-169943,OFF-AP-10001563,5,10-11-2023
CA-2017-169943,OFF-ST-10004123,5,08-07-2023
CA-2017-169943,FUR-FU-10002088,5,24-12-2021
CA-2017-169943,FUR-FU-10000010,4,24-12-2021
CA-2017-169943,OFF-BI-10002824,5,07-03-2023
US-2016-123218,TEC-PH-10001061,5,01-04-2015
US-2016-123218,TEC-AC-10000736,5,01-04-2015
US-2016-123218,FUR-BO-10003966,3,14-09-2021
CA-2016-127453,OFF-AP-10000828,4,04-08-2015
CA-2016-127453,OFF-AP-10002906,5,04-08-2015
CA-2016-127453,OFF-AP-10003860,3,04-08-2015
US-2018-164056,FUR-TA-10001307,5,04-08-2015
CA-2017-106894,TEC-AC-10003063,4,04-08-2015
CA-2017-106894,OFF-LA-10001045,4,04-08-2015
CA-2015-125136,OFF-PA-10001457,5,03-09-2022
CA-2015-125136,OFF-PA-10001804,5,05-02-2022
US-2017-131149,OFF-ST-10000689,5,05-02-2022
US-2017-131149,OFF-AR-10002135,5,05-02-2022
CA-2018-101483,OFF-AP-10002082,5,05-02-2022
CA-2018-101483,TEC-PH-10003442,5,05-02-2022
CA-2018-101483,OFF-AR-10002833,4,05-02-2022
CA-2016-130204,OFF-ST-10001325,5,05-02-2022
CA-2016-130204,TEC-AC-10003038,5,05-02-2022
CA-2016-130204,TEC-AC-10003590,4,05-02-2022
CA-2015-110527,OFF-LA-10000262,5,05-02-2022
CA-2018-152807,OFF-PA-10004355,5,05-02-2022
CA-2018-152807,FUR-FU-10004415,5,03-07-2023
CA-2018-152807,OFF-ST-10002486,5,09-10-2023
CA-2018-152807,TEC-AC-10001142,5,09-10-2023
CA-2015-133270,OFF-AR-10002656,5,24-11-2022
CA-2017-155670,OFF-BI-10000138,2,24-11-2022
CA-2017-155670,OFF-PA-10004947,5,24-11-2022
US-2015-157406,OFF-PA-10003543,5,24-11-2022
US-2015-157406,OFF-AR-10002221,5,01-11-2022
CA-2016-139094,FUR-TA-10004607,5,01-11-2022
CA-2018-168837,FUR-FU-10001918,5,19-04-2022
CA-2018-116715,OFF-ST-10004340,5,19-04-2022
CA-2018-116715,OFF-PA-10004475,5,06-04-2015
CA-2018-116715,OFF-PA-10003893,5,06-04-2015
CA-2016-135622,OFF-PA-10000100,5,06-04-2015
CA-2016-135622,TEC-PH-10001817,5,02-09-2022
US-2016-107349,OFF-BI-10001765,5,02-09-2022
CA-2015-139017,TEC-AC-10001013,5,25-09-2022
CA-2015-141817,OFF-AR-10003478,4,04-11-2023
CA-2016-130785,FUR-BO-10000330,5,09-07-2022
CA-2016-130785,OFF-BI-10001900,5,09-07-2022
CA-2016-130785,FUR-BO-10003159,5,30-06-2015
CA-2017-110254,OFF-SU-10002573,2,28-01-2023
CA-2017-110254,OFF-LA-10004484,3,28-01-2023
CA-2017-110254,FUR-FU-10001591,5,21-09-2021
CA-2017-110254,OFF-LA-10002034,4,21-09-2021
US-2015-158057,OFF-BI-10004410,5,21-09-2021
US-2015-158057,OFF-BI-10002735,4,26-09-2021
CA-2018-146024,OFF-SU-10001935,3,26-09-2021
CA-2018-146024,OFF-BI-10003291,5,26-09-2021
CA-2017-129686,OFF-ST-10004337,5,26-09-2021
CA-2017-129686,TEC-AC-10001266,5,26-09-2021
CA-2015-118976,OFF-BI-10001628,5,26-09-2021
CA-2015-118976,OFF-ST-10000877,5,26-09-2021
CA-2015-118976,OFF-AR-10004752,5,31-10-2021
CA-2015-118976,OFF-LA-10000452,5,31-10-2021
CA-2016-105347,OFF-PA-10000675,5,31-10-2021
CA-2016-105347,OFF-AR-10003045,4,31-10-2021
CA-2017-124667,TEC-AC-10003447,2,26-11-2023
CA-2017-124667,OFF-ST-10002276,5,19-12-2015
CA-2016-111094,OFF-PA-10001609,5,19-12-2015
CA-2016-111094,OFF-BI-10001597,5,19-12-2015
CA-2018-166317,OFF-PA-10004475,3,26-12-2022
CA-2018-166317,TEC-AC-10004510,5,20-06-2023
CA-2018-166317,OFF-BI-10002976,4,20-06-2023
CA-2018-166317,TEC-PH-10001615,1,15-10-2021
CA-2016-154326,TEC-PH-10001819,3,23-09-2023
CA-2016-154326,TEC-PH-10000560,5,29-11-2021
CA-2016-154326,TEC-AC-10004568,2,29-11-2021
CA-2015-102008,OFF-PA-10004092,4,01-03-2022
CA-2015-120474,FUR-CH-10001854,5,01-03-2022
CA-2015-120474,OFF-AR-10000475,4,01-03-2022
CA-2015-104773,OFF-ST-10000777,5,01-03-2022
CA-2017-140774,OFF-AR-10004022,5,12-08-2022
US-2018-139465,OFF-ST-10002352,5,15-08-2022
US-2018-139465,TEC-PH-10000455,5,15-08-2022
US-2018-139465,OFF-BI-10003910,2,04-06-2023
CA-2017-100965,FUR-FU-10003039,5,04-06-2023
CA-2017-121034,OFF-FA-10000585,5,06-12-2021
CA-2017-121034,OFF-PA-10001994,5,06-12-2021
CA-2017-149461,FUR-FU-10004270,5,27-12-2021
CA-2018-158379,OFF-BI-10002498,5,27-12-2021
CA-2018-158379,OFF-SU-10002881,3,21-01-2023
CA-2018-158379,TEC-AC-10002926,5,21-01-2023
US-2017-116729,TEC-PH-10002200,5,25-06-2015
US-2017-116729,OFF-PA-10002005,5,14-06-2022
US-2017-116729,TEC-AC-10001465,5,14-06-2022
CA-2017-164938,TEC-PH-10004897,5,14-06-2022
CA-2017-165484,FUR-FU-10001196,5,14-06-2022
CA-2017-165484,OFF-PA-10000595,5,21-04-2023
CA-2015-132612,FUR-TA-10004534,5,21-04-2023
US-2018-161193,FUR-FU-10001861,5,21-10-2022
US-2018-161193,FUR-FU-10000206,5,19-11-2022
CA-2016-131597,FUR-TA-10002607,2,19-11-2022
CA-2016-164833,OFF-LA-10000443,5,19-11-2022
CA-2016-164833,OFF-AR-10004685,5,19-11-2022
CA-2016-125423,OFF-LA-10001771,5,19-11-2022
US-2015-130379,OFF-AP-10001394,3,19-11-2022
US-2015-130379,FUR-FU-10002553,5,19-11-2022
CA-2017-168956,OFF-AP-10004233,5,19-11-2022
CA-2017-168956,OFF-FA-10000304,5,18-12-2023
CA-2017-168956,FUR-CH-10004754,2,18-12-2023
CA-2017-168956,OFF-PA-10000809,5,18-12-2023
CA-2017-167507,OFF-BI-10003694,5,22-07-2022
CA-2017-167507,FUR-FU-10001935,5,04-09-2021
CA-2017-167507,FUR-FU-10002878,5,04-09-2021
CA-2017-109344,TEC-PH-10002624,3,04-09-2021
US-2016-140851,OFF-PA-10000019,4,04-09-2021
CA-2015-103373,TEC-PH-10002885,5,20-01-2015
CA-2018-145884,TEC-PH-10000895,5,20-01-2015
CA-2018-145884,FUR-TA-10002356,5,20-01-2015
CA-2016-131422,FUR-CH-10001270,5,20-01-2015
CA-2018-162691,TEC-MA-10000488,5,20-01-2015
CA-2018-162691,OFF-PA-10003729,5,20-01-2015
CA-2015-141278,OFF-AR-10003056,5,02-03-2021
CA-2018-122693,OFF-AP-10002518,5,02-03-2021
CA-2015-117345,OFF-LA-10000240,5,12-04-2022
CA-2015-117345,FUR-FU-10000629,1,12-04-2022
CA-2015-117345,OFF-AP-10001005,5,12-04-2022
CA-2015-117345,OFF-PA-10002377,1,06-12-2022
CA-2017-157763,FUR-CH-10000988,5,05-06-2022
CA-2016-135391,OFF-LA-10001074,5,05-06-2022
CA-2016-135391,FUR-FU-10001986,5,11-12-2022
US-2018-113852,TEC-AC-10003027,5,12-11-2022
US-2018-158512,OFF-PA-10001804,4,12-11-2022
US-2018-158512,FUR-FU-10004973,5,12-11-2022
CA-2018-128370,FUR-CH-10002602,1,12-11-2022
CA-2018-128370,OFF-BI-10004140,2,12-11-2022
CA-2016-160472,OFF-ST-10000464,5,29-09-2015
CA-2016-160472,TEC-AC-10002253,5,29-09-2015
CA-2016-160472,OFF-PA-10000528,5,29-09-2015
CA-2016-160472,OFF-EN-10000483,5,29-09-2015
CA-2016-160472,OFF-PA-10003129,5,29-09-2015
CA-2016-160472,OFF-ST-10003442,5,04-04-2021
CA-2015-114643,OFF-AR-10003631,5,04-04-2021
US-2018-158218,OFF-ST-10000563,3,04-04-2021
US-2018-158218,OFF-BI-10002133,5,04-04-2021
CA-2016-121608,OFF-AP-10002311,5,04-04-2021
CA-2016-121608,TEC-PH-10004959,4,08-05-2021
US-2018-121251,FUR-BO-10001918,5,31-12-2022
US-2018-121251,TEC-PH-10004896,5,31-12-2022
CA-2015-151078,OFF-ST-10001328,5,20-12-2015
US-2017-100839,FUR-TA-10004575,5,20-12-2015
US-2017-100839,FUR-FU-10001617,5,20-12-2015
US-2018-116659,TEC-PH-10002824,5,20-12-2015
CA-2018-118857,FUR-FU-10004460,5,02-07-2022
CA-2016-127110,OFF-PA-10003309,3,29-06-2023
CA-2016-127110,OFF-ST-10002554,5,29-06-2023
CA-2017-148201,OFF-PA-10000019,5,01-09-2015
CA-2015-116932,OFF-AR-10002067,5,03-03-2015
CA-2015-116932,FUR-CH-10001215,1,03-03-2015
CA-2015-116932,FUR-TA-10004175,1,03-03-2015
CA-2018-142888,FUR-TA-10004767,5,04-05-2015
CA-2015-147914,OFF-PA-10001685,5,02-11-2021
US-2017-112977,FUR-BO-10003272,5,08-12-2023
CA-2018-112039,TEC-PH-10000984,3,08-12-2023
CA-2018-118885,FUR-CH-10002880,5,08-12-2023
CA-2018-118885,TEC-PH-10002563,5,08-12-2023
US-2018-166611,OFF-BI-10001191,5,10-03-2015
CA-2016-109512,OFF-EN-10002621,5,21-04-2015
CA-2016-109512,FUR-CH-10001146,5,22-10-2021
CA-2016-109512,OFF-ST-10000689,5,22-08-2021
CA-2017-118570,OFF-PA-10001289,5,29-08-2022
CA-2018-154718,OFF-LA-10003714,5,27-12-2015
CA-2017-147578,FUR-FU-10001889,5,01-12-2022
CA-2015-140165,OFF-FA-10002815,5,01-12-2022
CA-2015-140165,OFF-BI-10004519,5,24-04-2022
CA-2015-142587,OFF-AP-10004708,5,21-06-2015
CA-2015-142587,FUR-TA-10000617,1,21-06-2015
CA-2015-157623,OFF-PA-10001204,4,14-01-2023
CA-2015-157623,OFF-AR-10003723,5,14-01-2023
CA-2018-145310,OFF-EN-10002621,5,24-11-2015
CA-2017-100083,OFF-PA-10000241,5,24-11-2015
US-2018-108063,OFF-AR-10001446,2,24-11-2015
CA-2016-109197,OFF-BI-10004632,4,24-11-2015
CA-2018-141789,OFF-BI-10001359,2,26-02-2023
CA-2015-169775,OFF-EN-10001749,5,26-02-2023
CA-2015-169775,OFF-BI-10004390,4,26-02-2023
CA-2015-169775,FUR-TA-10001857,5,26-02-2023
CA-2017-140543,OFF-ST-10000563,1,26-02-2023
CA-2017-151141,TEC-PH-10004924,5,15-09-2021
CA-2018-167094,OFF-PA-10003953,4,15-09-2021
CA-2018-167094,FUR-CH-10000155,4,15-09-2021
CA-2018-167094,TEC-AC-10003116,5,15-09-2021
CA-2018-154410,OFF-ST-10002743,5,08-04-2022
US-2017-150567,OFF-BI-10001757,5,08-04-2022
US-2017-150567,OFF-BI-10000069,4,08-04-2022
CA-2016-157959,FUR-FU-10004093,5,18-07-2022
CA-2018-105886,FUR-FU-10001037,5,18-07-2022
CA-2017-105963,TEC-AC-10003832,5,18-07-2022
CA-2018-121503,OFF-PA-10001878,5,18-07-2022
CA-2018-121503,TEC-MA-10003674,5,18-07-2022
CA-2015-103366,TEC-AC-10003628,5,01-08-2023
CA-2018-124597,OFF-LA-10003190,5,14-07-2022
CA-2018-124597,OFF-AR-10002280,5,14-07-2022
CA-2018-124597,OFF-LA-10001569,5,14-07-2022
CA-2016-105634,OFF-AR-10001573,5,14-07-2022
CA-2016-123673,TEC-PH-10001809,5,14-07-2022
US-2018-111423,OFF-BI-10003091,4,14-07-2022
US-2018-111423,FUR-CH-10003981,5,09-09-2023
CA-2016-125178,OFF-ST-10002562,4,09-09-2023
CA-2017-156685,TEC-PH-10004345,5,09-09-2023
CA-2017-156685,OFF-AR-10000588,5,09-09-2023
CA-2018-126865,OFF-PA-10003039,5,09-09-2023
CA-2018-102834,TEC-AC-10001908,4,09-09-2023
US-2017-139710,TEC-PH-10001198,5,09-09-2023
CA-2018-121538,OFF-PA-10004071,5,09-09-2023
US-2018-101539,OFF-PA-10001972,4,12-07-2015
US-2018-101539,OFF-ST-10004180,5,12-07-2015
US-2018-101539,TEC-PH-10004165,5,04-12-2022
CA-2017-152121,TEC-PH-10002483,5,04-12-2022
CA-2018-161200,FUR-BO-10000468,1,04-12-2022
CA-2018-161200,FUR-FU-10001706,5,04-12-2022
CA-2018-101245,OFF-PA-10003129,4,04-12-2022
CA-2018-101245,TEC-AC-10001284,5,04-12-2022
CA-2016-141768,FUR-FU-10002268,5,06-11-2023
CA-2017-112109,OFF-BI-10002082,5,06-11-2023
CA-2017-112109,OFF-ST-10001505,4,06-11-2023
CA-2017-112109,OFF-BI-10001634,5,31-10-2021
CA-2017-112109,FUR-CH-10004287,5,31-10-2021
CA-2018-144064,OFF-LA-10004544,5,30-05-2022
CA-2018-144064,OFF-ST-10004507,4,28-10-2022
CA-2018-144064,OFF-BI-10002012,1,28-10-2022
CA-2017-108581,TEC-AC-10001109,5,28-10-2022
CA-2017-108581,OFF-PA-10000809,2,28-10-2022
CA-2018-157987,OFF-AR-10000658,1,11-08-2015
CA-2018-157987,FUR-FU-10001196,5,11-08-2015
CA-2018-157987,FUR-TA-10001889,5,11-08-2015
CA-2018-157987,OFF-AP-10000358,5,29-08-2022
CA-2018-157987,OFF-BI-10004970,4,15-02-2022
CA-2018-157987,TEC-PH-10003885,5,15-02-2022
CA-2018-157987,OFF-LA-10001641,5,14-05-2023
CA-2018-157987,FUR-CH-10003379,5,12-12-2015
CA-2018-157987,OFF-AR-10004582,5,12-12-2015
CA-2018-157987,TEC-AC-10002842,5,12-12-2015
CA-2018-157987,TEC-AC-10000109,4,18-12-2023
CA-2018-157987,OFF-PA-10003893,5,18-12-2023
CA-2018-110905,OFF-BI-10003669,5,18-12-2023
CA-2018-110905,OFF-AP-10004785,5,18-12-2023
CA-2018-110905,TEC-AC-10003023,4,04-07-2021
CA-2018-110905,TEC-AC-10002217,5,10-03-2023
CA-2018-110905,OFF-BI-10002954,5,10-03-2023
CA-2018-110905,OFF-PA-10002586,5,10-03-2023
CA-2018-110905,OFF-ST-10000025,5,10-03-2023
CA-2018-110905,OFF-AP-10003281,5,24-12-2022
CA-2018-165841,TEC-PH-10002103,4,24-12-2022
CA-2018-165841,OFF-SU-10000898,5,24-12-2022
CA-2018-165841,OFF-PA-10001144,5,23-10-2023
CA-2018-117485,TEC-AC-10004659,5,28-10-2022
CA-2018-140242,OFF-AR-10004752,5,07-07-2023
CA-2018-140242,TEC-AC-10004659,5,01-10-2022
CA-2015-148950,OFF-BI-10001249,5,01-10-2022
CA-2015-148950,OFF-FA-10003059,5,02-09-2023
CA-2015-148950,TEC-AC-10002718,5,24-12-2015
CA-2015-110408,OFF-ST-10001522,5,24-12-2015
CA-2015-110408,TEC-PH-10002352,4,23-09-2023
CA-2015-110408,FUR-CH-10003774,5,04-06-2023
CA-2016-109939,OFF-AR-10000127,5,21-04-2022
CA-2017-112669,FUR-CH-10004086,4,21-04-2022
CA-2017-112669,OFF-ST-10001228,5,21-04-2022
CA-2016-119592,OFF-BI-10004187,3,26-05-2022
CA-2015-122749,TEC-PH-10003811,4,26-05-2022
CA-2015-164721,OFF-AP-10000240,1,26-05-2022
CA-2015-164721,FUR-FU-10001940,5,26-05-2022
CA-2015-164721,OFF-PA-10000575,5,02-05-2022
CA-2017-147417,TEC-CO-10001449,5,08-09-2015
CA-2016-127509,OFF-BI-10002393,5,08-09-2015
CA-2016-127509,FUR-TA-10002855,5,05-09-2022
CA-2016-127509,OFF-EN-10000781,4,09-04-2023
CA-2016-127509,OFF-PA-10002160,5,09-04-2023
CA-2018-111374,OFF-BI-10004970,3,09-04-2023
CA-2018-133648,OFF-LA-10003923,5,06-12-2021
CA-2018-133648,OFF-AR-10002257,1,26-06-2022
CA-2018-133648,OFF-FA-10004395,5,04-07-2021
US-2018-147221,OFF-AP-10002534,5,22-11-2022
US-2018-147221,FUR-FU-10004020,3,22-11-2022
CA-2015-131905,OFF-LA-10002787,3,22-11-2022
CA-2015-131905,TEC-PH-10003645,4,10-11-2022
CA-2015-131905,TEC-PH-10001615,2,10-11-2022
CA-2018-166128,TEC-AC-10001767,5,27-08-2021
CA-2018-166128,OFF-AR-10001221,5,27-08-2021
CA-2018-163510,OFF-ST-10000563,4,27-08-2021
CA-2018-163510,FUR-CH-10001146,1,25-05-2021
US-2018-143028,OFF-BI-10004738,5,30-12-2023
CA-2015-111150,OFF-AR-10000034,5,30-12-2023
CA-2015-111150,TEC-AC-10000290,5,08-12-2022
CA-2018-165386,FUR-BO-10003034,5,04-10-2021
CA-2015-116407,OFF-AR-10001315,5,23-12-2022
CA-2015-116407,OFF-AP-10002118,5,23-12-2022
CA-2015-116407,OFF-PA-10002137,5,19-09-2021
CA-2016-155761,TEC-AC-10001606,5,03-07-2023
CA-2016-155761,OFF-ST-10000943,5,03-07-2023
CA-2017-145905,FUR-CH-10001854,5,14-07-2022
CA-2017-145905,OFF-PA-10000533,2,20-06-2022
CA-2017-145905,OFF-ST-10003716,5,20-06-2022
CA-2016-113110,OFF-BI-10000088,2,20-06-2022
CA-2016-113110,OFF-LA-10000240,5,20-06-2022
CA-2016-113110,OFF-SU-10001165,5,20-06-2022
CA-2016-113110,OFF-PA-10002749,5,09-12-2022
CA-2017-168354,OFF-ST-10001490,2,09-12-2022
CA-2017-168354,OFF-PA-10002377,1,24-09-2022
CA-2017-168354,OFF-BI-10004826,5,18-12-2022
CA-2017-168354,FUR-CH-10004675,5,18-12-2022
US-2018-111241,OFF-BI-10002867,3,18-12-2022
CA-2016-114237,FUR-BO-10004409,5,10-12-2023
CA-2017-113516,OFF-BI-10002225,5,01-07-2015
CA-2017-113516,OFF-BI-10001989,5,01-07-2015
CA-2016-117961,OFF-BI-10000343,3,03-02-2023
CA-2016-117961,OFF-ST-10001172,5,03-02-2023
CA-2016-117961,OFF-BI-10003707,5,03-03-2023
CA-2016-117961,OFF-PA-10001274,5,09-10-2023
CA-2017-128923,OFF-PA-10002250,5,28-09-2015
CA-2017-128923,OFF-AR-10000475,5,27-05-2015
CA-2018-162481,OFF-BI-10002976,5,14-06-2021
CA-2018-162481,FUR-CH-10003061,3,30-03-2022
CA-2016-119214,OFF-PA-10002893,5,15-10-2023
CA-2016-119214,OFF-LA-10003077,1,23-05-2022
CA-2016-122287,OFF-PA-10001661,4,02-06-2023
CA-2016-122287,OFF-BI-10004656,4,02-06-2023
CA-2016-122287,OFF-BI-10003707,5,16-02-2015
CA-2016-122287,FUR-FU-10004973,1,16-02-2015
CA-2016-104493,OFF-BI-10004817,5,06-05-2015
US-2018-158946,OFF-AR-10001860,5,16-05-2022
CA-2015-129168,OFF-PA-10001639,4,02-04-2023
CA-2017-131835,OFF-AP-10004487,1,31-03-2023
CA-2017-131835,TEC-PH-10001760,5,31-03-2023
CA-2017-131835,OFF-PA-10004071,4,31-03-2023
CA-2016-142237,FUR-FU-10004848,5,02-01-2023
CA-2016-142237,OFF-BI-10004022,5,02-01-2023
CA-2016-142237,OFF-BI-10003669,5,02-01-2023
CA-2016-142237,FUR-CH-10003833,3,28-05-2021
CA-2016-142237,OFF-AR-10003732,5,28-05-2021
CA-2016-142237,FUR-FU-10003142,5,17-03-2015
CA-2017-136434,FUR-FU-10001196,4,17-03-2015
CA-2018-120376,TEC-AC-10001114,4,17-03-2015
CA-2018-120376,FUR-CH-10002335,5,17-03-2015
CA-2018-120376,TEC-AC-10000844,5,17-03-2015
CA-2018-120376,FUR-TA-10004534,4,03-10-2015
CA-2015-106439,OFF-FA-10002975,5,28-03-2022
CA-2015-106439,OFF-ST-10003996,4,04-05-2023
CA-2015-106439,OFF-BI-10002571,5,04-05-2023
CA-2015-106439,OFF-PA-10000477,5,04-05-2023
CA-2015-106439,OFF-BI-10004209,4,05-07-2015
CA-2015-106439,OFF-ST-10001963,1,05-07-2015
CA-2015-106439,FUR-CH-10003833,5,05-05-2022
CA-2015-106439,TEC-AC-10004568,1,26-04-2023
CA-2015-106439,OFF-AR-10001419,5,26-09-2015
CA-2016-133452,TEC-AC-10002800,5,19-10-2023
CA-2016-133452,FUR-TA-10003954,5,19-10-2023
CA-2017-146521,OFF-BI-10000301,5,19-10-2023
US-2018-110996,FUR-CH-10003956,5,10-11-2023
CA-2017-129693,OFF-BI-10002954,5,10-11-2023
CA-2018-122504,TEC-AC-10003289,5,10-11-2023
CA-2018-122504,TEC-PH-10002468,2,10-11-2023
CA-2015-131051,FUR-FU-10001861,5,10-11-2023
CA-2018-140676,OFF-PA-10004082,5,08-07-2023
CA-2018-140676,OFF-AP-10000358,5,24-12-2021
CA-2018-140676,OFF-PA-10004243,4,24-12-2021
CA-2016-120103,OFF-PA-10001295,1,07-03-2023
CA-2016-120103,TEC-PH-10002170,5,01-04-2015
CA-2016-120103,FUR-FU-10002885,5,01-04-2015
CA-2018-104647,OFF-PA-10002870,5,14-09-2021
CA-2015-110352,OFF-LA-10003923,5,04-08-2015
CA-2017-140501,OFF-LA-10003510,2,04-08-2015
CA-2017-140501,OFF-LA-10000248,5,04-08-2015
CA-2017-140501,OFF-ST-10000060,5,04-08-2015
CA-2017-140501,OFF-PA-10003129,5,04-08-2015
CA-2017-140501,OFF-FA-10004076,5,04-08-2015
"dinesh","P1","5","08-02-2024"
